{
  "config": {
    "duration": 10,
    "concurrency": 2,
    "warmupTime": 5,
    "guildId": "load-test-guild",
    "testDataSize": 100,
    "outputFile": "load_test_2025-09-25T22-40-35.001Z.json",
    "useOptimized": false
  },
  "summary": {
    "totalRequests": 779,
    "successfulRequests": 779,
    "failedRequests": 0,
    "requestsPerSecond": 77.85647433802133,
    "averageLatency": 1.8239705391527719,
    "minLatency": 0.2840830000004644,
    "maxLatency": 10.334125000000313,
    "p95Latency": 3.2468339999995806,
    "p99Latency": 5.1510410000000775
  },
  "latencies": [
    5.427040999999917,
    6.3330409999998665,
    1.2367080000003625,
    1.8965829999997368,
    1.3268749999997453,
    2.2265409999999974,
    1.5267079999994166,
    2.353041999999732,
    1.3558750000001965,
    2.2548329999999623,
    1.049833000000035,
    1.9633749999993597,
    1.4542920000003505,
    1.0782919999992373,
    1.4379169999992882,
    1.7973750000001019,
    1.4737500000001091,
    1.9093329999996058,
    1.7472920000000158,
    2.2240840000004027,
    1.3736669999998412,
    1.914875000000393,
    1.3594590000002427,
    2.2405840000001263,
    1.0230409999994663,
    1.7648330000001806,
    2.436707999999271,
    2.922207999999955,
    2.228667000000314,
    2.803708999999799,
    1.7374580000005153,
    2.519040999999561,
    1.416957999999795,
    1.6475420000006125,
    1.4674590000004173,
    1.952582999999322,
    1.7594159999998737,
    2.6833749999996144,
    1.3814999999995052,
    1.627042000000074,
    1.3315419999998994,
    1.8835420000004888,
    1.470542000000023,
    1.9208330000001297,
    1.5431250000001455,
    2.502249999999549,
    1.3464169999997466,
    1.7939589999996315,
    1.7980829999996786,
    2.1953330000005735,
    3.200332999999773,
    5.526625000000422,
    1.1121670000002268,
    0.9417920000005324,
    1.140665999999328,
    1.398124999999709,
    1.04162499999984,
    1.5635000000002037,
    1.0769170000003214,
    1.8126659999998083,
    1.3439589999998134,
    2.035208000000239,
    1.0491669999992155,
    1.4864589999997406,
    0.9463329999998678,
    1.7112090000000535,
    1.2388329999994312,
    2.0535829999998896,
    1.5397499999999127,
    2.1027500000000146,
    1.1903339999998934,
    1.7411250000004657,
    1.1799590000000535,
    1.5617910000000848,
    0.9692089999998643,
    1.7369159999998374,
    1.2813329999999041,
    2.010833000000275,
    1.1188330000004498,
    1.8153329999995549,
    0.9461670000000595,
    1.498791999999412,
    0.9890839999998207,
    1.383375000000342,
    0.8936659999999392,
    1.5208339999999225,
    0.9977499999995416,
    1.6928750000006403,
    1.051499999999578,
    2.035666000000674,
    1.0398329999998168,
    1.577874999999949,
    2.012499999999818,
    2.70666699999947,
    1.3063750000001164,
    2.0958330000003116,
    1.215874999999869,
    1.7961249999998472,
    1.1747499999992215,
    2.039542000000438,
    0.9836660000000848,
    2.1103750000002037,
    1.376166999999441,
    2.0953749999998763,
    0.8763749999998254,
    1.3289590000003955,
    1.3797919999997248,
    1.8132909999994808,
    1.1499999999996362,
    0.861707999999453,
    1.1502920000002632,
    1.8272079999997004,
    1.2432079999998678,
    1.8818339999997988,
    1.4295000000001892,
    1.7655410000006668,
    2.1562089999997625,
    3.156417000000147,
    2.140167000000474,
    3.581125000000611,
    1.9392500000003565,
    2.0287500000004,
    1.9008340000000317,
    2.3144170000005033,
    1.9524579999997513,
    1.7896670000000086,
    1.8412919999991573,
    2.435082999999395,
    1.9597080000003189,
    2.8245420000002923,
    1.2000420000003942,
    1.70508400000017,
    1.5987910000003467,
    2.1604999999999563,
    1.268500000000131,
    1.9303749999999127,
    2.076583000000028,
    3.1665409999995973,
    1.0135419999996884,
    2.3828330000005735,
    1.0159169999997175,
    1.0322080000005371,
    0.9327919999996084,
    1.3943749999998545,
    0.8720419999999649,
    1.342040999999881,
    1.1818750000002183,
    1.7330830000000788,
    1.285291999999572,
    1.7758340000000317,
    1.072957999999744,
    1.6636250000001382,
    1.053208000000268,
    0.9136250000001382,
    2.6862920000003214,
    4.046416999999565,
    9.704291000000012,
    10.334125000000313,
    0.8833340000001044,
    1.5482499999998254,
    0.999457999999322,
    1.4557080000004134,
    1.0252500000005966,
    1.5209999999997308,
    1.4856669999999212,
    2.151499999999942,
    1.1500839999998789,
    1.6455830000004426,
    1.2052080000003116,
    1.9710000000004584,
    0.9093330000005153,
    1.5353750000003856,
    0.9312920000002123,
    1.4604159999998956,
    1.3082500000000437,
    1.8976670000001832,
    0.9967909999995754,
    1.5021660000002157,
    0.811916999999994,
    1.3591669999996157,
    0.9085830000003625,
    1.535584000000199,
    1.0565830000005008,
    1.5465000000003783,
    1.0356670000001031,
    1.5047909999993863,
    0.9800839999998061,
    1.7752500000005966,
    1.8761670000003505,
    2.6360420000000886,
    1.965624999999818,
    2.763249999999971,
    0.9464170000001104,
    1.872041999999965,
    1.3688329999995403,
    1.6225420000000668,
    1.7020000000002256,
    2.21349999999984,
    1.6243330000006608,
    2.231957999999395,
    0.9466670000001614,
    1.1339170000001104,
    0.44037500000013097,
    0.7492919999995138,
    0.40466600000036124,
    0.7393339999998716,
    0.41225000000031287,
    0.5886249999994106,
    0.4213339999996606,
    0.5926250000002256,
    0.4745419999999285,
    0.696458000000348,
    0.43891599999915343,
    0.5877499999996871,
    0.8603330000005371,
    1.527541999999812,
    0.40533400000003894,
    0.6972500000001673,
    0.9139169999998558,
    0.8488749999996799,
    0.8829579999992347,
    1.3742920000004233,
    0.9285409999993135,
    1.4454169999999067,
    0.7869160000000193,
    1.3505830000003698,
    0.8589170000004742,
    1.5116670000006707,
    1.0278340000004391,
    1.8376250000001164,
    1.1137089999992895,
    0.9484999999995125,
    1.2987079999993512,
    1.683165999999801,
    3.0879159999994954,
    1.7413329999999405,
    2.2787500000004,
    2.7992089999997916,
    1.3870420000002923,
    2.0166669999998703,
    1.6129579999997077,
    2.4413750000003347,
    2.6347079999995913,
    3.0786669999997684,
    1.5907909999996264,
    1.882542000000285,
    1.6204580000003261,
    2.2446249999993597,
    2.63733400000001,
    3.0478749999992942,
    1.2393330000004426,
    1.9445409999998446,
    1.5365419999998267,
    2.2684580000004644,
    2.173416999999972,
    2.3586660000000848,
    1.2703329999994821,
    1.5009580000005371,
    2.4557089999998425,
    3.048917000000074,
    2.891208000000006,
    2.838249999999789,
    2.084125000000313,
    2.7804580000001806,
    1.399250000000393,
    2.6840000000001965,
    1.091458999999304,
    1.65820900000017,
    1.0203330000003916,
    1.896165999999539,
    0.873250000000553,
    1.299750000000131,
    1.2909169999993537,
    1.6865419999994629,
    0.9405409999999392,
    1.5482079999992493,
    1.5247920000001614,
    2.0204579999999623,
    1.0459160000000338,
    1.575792000000547,
    1.4633750000002692,
    2.026458000000275,
    1.2732909999995172,
    1.949416999999812,
    1.2891659999995682,
    3.175958000000719,
    1.8006670000004306,
    2.0715829999999187,
    1.4793749999998909,
    1.9025830000000497,
    1.0212499999997817,
    1.5244170000005397,
    1.730833999999959,
    2.3910419999992882,
    1.462666999999783,
    1.724500000000262,
    1.7530000000006112,
    1.5421249999999418,
    0.789625000000342,
    1.390041999999994,
    1.5203330000003916,
    2.2828749999998763,
    2.924957999999606,
    2.186250000000655,
    1.7438750000001164,
    2.388333999999304,
    2.7528339999998934,
    2.2215000000005602,
    1.5668750000004366,
    2.1063330000006317,
    0.9982499999996435,
    1.8369999999995343,
